{"cameraMode":{"drawMode":0,"name":"Shaded","section":"Shading Mode"},"sceneLighting":true,"audioPlay":false,"sceneViewState":{"m_AlwaysRefresh":false,"showFog":true,"showSkybox":true,"showFlares":true,"showImageEffects":true,"showParticleSystems":true,"showVisualEffectGraphs":true,"m_FxEnabled":true},"in2DMode":false,"pivot":{"x":-2.029881238937378,"y":-1.5617709159851075,"z":4.294765949249268},"rotation":{"x":-0.14729447662830354,"y":0.09361732006072998,"z":-0.013995707966387272,"w":-0.9845797419548035},"size":3.2998688220977785,"orthographic":false}