{"cameraMode":{"drawMode":0,"name":"Shaded","section":"Shading Mode"},"sceneLighting":true,"audioPlay":false,"sceneViewState":{"m_AlwaysRefresh":false,"showFog":true,"showSkybox":true,"showFlares":true,"showImageEffects":true,"showParticleSystems":true,"showVisualEffectGraphs":true,"m_FxEnabled":true},"in2DMode":false,"pivot":{"x":-1.7275152206420899,"y":-11.124283790588379,"z":11.068618774414063},"rotation":{"x":-0.3529457747936249,"y":0.06057190150022507,"z":-0.022892899811267854,"w":-0.9334311485290527},"size":9.305238723754883,"orthographic":false}